                  epoch,         train/box_loss,         train/cls_loss,         train/dfl_loss,   metrics/precision(B),      metrics/recall(B),       metrics/mAP50(B),    metrics/mAP50-95(B),           val/box_loss,           val/cls_loss,           val/dfl_loss,                 lr/pg0,                 lr/pg1,                 lr/pg2
                      1,                 2.2133,                 4.1502,                  1.257,                0.03998,                0.11992,                0.05111,                0.02794,                 2.1143,                 3.6209,                 1.1155,             0.00019244,             0.00019244,             0.00019244
                      2,                  2.185,                 3.0172,                 1.1327,                0.08149,                0.05928,                0.06236,                0.03664,                 2.0858,                 2.6181,                 1.1177,             0.00031153,             0.00031153,             0.00031153
                      3,                 2.1637,                 2.6223,                 1.1058,                0.07519,                0.05226,                0.06129,                0.03465,                 1.9921,                 2.3046,                 1.0945,               0.000353,               0.000353,               0.000353
                      4,                 2.0989,                 2.3908,                 1.0955,                0.07749,                0.06986,                 0.0694,                0.03926,                 1.9549,                 2.1629,                 1.0757,             0.00023873,             0.00023873,             0.00023873
                      5,                 2.0076,                   2.23,                  1.072,                0.07105,                0.05916,                0.06277,                0.03604,                 1.9034,                  2.038,                 1.0647,             0.00023873,             0.00023873,             0.00023873
