                  epoch,         train/box_loss,         train/cls_loss,         train/dfl_loss,   metrics/precision(B),      metrics/recall(B),       metrics/mAP50(B),    metrics/mAP50-95(B),           val/box_loss,           val/cls_loss,           val/dfl_loss,                 lr/pg0,                 lr/pg1,                 lr/pg2
                      1,                 2.1768,                 4.3048,                 1.2656,                0.02709,                0.11106,                0.03559,                 0.0201,                 2.2231,                 4.1549,                 1.1092,             0.00019024,             0.00019024,             0.00019024
                      2,                 2.2794,                 3.3242,                 1.1311,                0.04719,                0.14142,                0.06535,                0.03506,                 2.1228,                 3.2883,                 1.1156,             0.00030976,             0.00030976,             0.00030976
                      3,                 2.2459,                 2.8741,                 1.0988,                0.63282,                0.07501,                0.07346,                0.04111,                 2.1057,                 2.6456,                 1.0852,             0.00035167,             0.00035167,             0.00035167
                      4,                 2.1764,                 2.5819,                 1.0866,                0.53021,                0.08301,                0.08995,                0.04949,                 2.0586,                 2.4411,                 1.0866,             0.00023873,             0.00023873,             0.00023873
                      5,                 2.1316,                 2.3986,                 1.0676,                0.51824,                0.10763,                0.10534,                0.05741,                 2.0051,                  2.301,                 1.0642,             0.00023873,             0.00023873,             0.00023873
