                  epoch,         train/box_loss,         train/cls_loss,         train/dfl_loss,   metrics/precision(B),      metrics/recall(B),       metrics/mAP50(B),    metrics/mAP50-95(B),           val/box_loss,           val/cls_loss,           val/dfl_loss,                 lr/pg0,                 lr/pg1,                 lr/pg2
                      1,                 1.1553,                 1.4744,                 1.3195,                0.57309,                0.51419,                0.58575,                0.40055,                 1.2182,                 1.3459,                 1.3106,               8.33e-06,               8.33e-06,               8.33e-06
                      2,                 1.3066,                 1.5329,                 1.4164,                0.66455,                0.48916,                0.60431,                0.41493,                 1.1945,                 1.2919,                 1.2929,             1.7673e-05,             1.7673e-05,             1.7673e-05
                      3,                  1.199,                  1.391,                 1.3142,                0.63508,                0.52981,                0.61757,                0.42846,                 1.1823,                 1.2518,                 1.2809,             2.6828e-05,             2.6828e-05,             2.6828e-05
                      4,                 1.2296,                 1.4274,                 1.3573,                0.68359,                0.52277,                 0.6382,                 0.4452,                  1.163,                 1.2103,                 1.2647,             3.5794e-05,             3.5794e-05,             3.5794e-05
                      5,                 1.2709,                 1.4543,                 1.3313,                0.65606,                0.60747,                0.66203,                0.47285,                 1.1457,                 1.1691,                 1.2514,             4.4572e-05,             4.4572e-05,             4.4572e-05
